iter	RMSE
0	179960.946
1	164831.4757
2	151311.0742
3	138235.0045
4	126630.0574
5	116482.6608
6	106990.2374
7	98648.80732
8	91827.21173
9	84760.32777
